USE [MusicStoreV2]
GO
/****** Object:  Table [dbo].[__MigrationHistory]    Script Date: 06.02.2017 14:31:29 ******/
SET ANSI_NULLS ON
GO
SET QUOTED_IDENTIFIER ON
GO
CREATE TABLE [dbo].[__MigrationHistory](
	[MigrationId] [nvarchar](150) NOT NULL,
	[ContextKey] [nvarchar](300) NOT NULL,
	[Model] [varbinary](max) NOT NULL,
	[ProductVersion] [nvarchar](32) NOT NULL,
 CONSTRAINT [PK_dbo.__MigrationHistory] PRIMARY KEY CLUSTERED 
(
	[MigrationId] ASC,
	[ContextKey] ASC
)WITH (PAD_INDEX = OFF, STATISTICS_NORECOMPUTE = OFF, IGNORE_DUP_KEY = OFF, ALLOW_ROW_LOCKS = ON, ALLOW_PAGE_LOCKS = ON) ON [PRIMARY]
) ON [PRIMARY] TEXTIMAGE_ON [PRIMARY]

GO
/****** Object:  Table [dbo].[AspNetRoles]    Script Date: 06.02.2017 14:31:29 ******/
SET ANSI_NULLS ON
GO
SET QUOTED_IDENTIFIER ON
GO
CREATE TABLE [dbo].[AspNetRoles](
	[Id] [nvarchar](128) NOT NULL,
	[Name] [nvarchar](256) NOT NULL,
	[Description] [nvarchar](max) NULL,
	[Discriminator] [nvarchar](128) NOT NULL,
 CONSTRAINT [PK_dbo.AspNetRoles] PRIMARY KEY CLUSTERED 
(
	[Id] ASC
)WITH (PAD_INDEX = OFF, STATISTICS_NORECOMPUTE = OFF, IGNORE_DUP_KEY = OFF, ALLOW_ROW_LOCKS = ON, ALLOW_PAGE_LOCKS = ON) ON [PRIMARY]
) ON [PRIMARY] TEXTIMAGE_ON [PRIMARY]

GO
/****** Object:  Table [dbo].[AspNetUserClaims]    Script Date: 06.02.2017 14:31:29 ******/
SET ANSI_NULLS ON
GO
SET QUOTED_IDENTIFIER ON
GO
CREATE TABLE [dbo].[AspNetUserClaims](
	[Id] [int] IDENTITY(1,1) NOT NULL,
	[UserId] [nvarchar](128) NOT NULL,
	[ClaimType] [nvarchar](max) NULL,
	[ClaimValue] [nvarchar](max) NULL,
 CONSTRAINT [PK_dbo.AspNetUserClaims] PRIMARY KEY CLUSTERED 
(
	[Id] ASC
)WITH (PAD_INDEX = OFF, STATISTICS_NORECOMPUTE = OFF, IGNORE_DUP_KEY = OFF, ALLOW_ROW_LOCKS = ON, ALLOW_PAGE_LOCKS = ON) ON [PRIMARY]
) ON [PRIMARY] TEXTIMAGE_ON [PRIMARY]

GO
/****** Object:  Table [dbo].[AspNetUserLogins]    Script Date: 06.02.2017 14:31:29 ******/
SET ANSI_NULLS ON
GO
SET QUOTED_IDENTIFIER ON
GO
CREATE TABLE [dbo].[AspNetUserLogins](
	[LoginProvider] [nvarchar](128) NOT NULL,
	[ProviderKey] [nvarchar](128) NOT NULL,
	[UserId] [nvarchar](128) NOT NULL,
 CONSTRAINT [PK_dbo.AspNetUserLogins] PRIMARY KEY CLUSTERED 
(
	[LoginProvider] ASC,
	[ProviderKey] ASC,
	[UserId] ASC
)WITH (PAD_INDEX = OFF, STATISTICS_NORECOMPUTE = OFF, IGNORE_DUP_KEY = OFF, ALLOW_ROW_LOCKS = ON, ALLOW_PAGE_LOCKS = ON) ON [PRIMARY]
) ON [PRIMARY]

GO
/****** Object:  Table [dbo].[AspNetUserRoles]    Script Date: 06.02.2017 14:31:29 ******/
SET ANSI_NULLS ON
GO
SET QUOTED_IDENTIFIER ON
GO
CREATE TABLE [dbo].[AspNetUserRoles](
	[UserId] [nvarchar](128) NOT NULL,
	[RoleId] [nvarchar](128) NOT NULL,
 CONSTRAINT [PK_dbo.AspNetUserRoles] PRIMARY KEY CLUSTERED 
(
	[UserId] ASC,
	[RoleId] ASC
)WITH (PAD_INDEX = OFF, STATISTICS_NORECOMPUTE = OFF, IGNORE_DUP_KEY = OFF, ALLOW_ROW_LOCKS = ON, ALLOW_PAGE_LOCKS = ON) ON [PRIMARY]
) ON [PRIMARY]

GO
/****** Object:  Table [dbo].[AspNetUsers]    Script Date: 06.02.2017 14:31:29 ******/
SET ANSI_NULLS ON
GO
SET QUOTED_IDENTIFIER ON
GO
CREATE TABLE [dbo].[AspNetUsers](
	[Id] [nvarchar](128) NOT NULL,
	[Address] [nvarchar](max) NULL,
	[BasketId] [int] NOT NULL,
	[Email] [nvarchar](256) NULL,
	[EmailConfirmed] [bit] NOT NULL,
	[PasswordHash] [nvarchar](max) NULL,
	[SecurityStamp] [nvarchar](max) NULL,
	[PhoneNumber] [nvarchar](max) NULL,
	[PhoneNumberConfirmed] [bit] NOT NULL,
	[TwoFactorEnabled] [bit] NOT NULL,
	[LockoutEndDateUtc] [datetime] NULL,
	[LockoutEnabled] [bit] NOT NULL,
	[AccessFailedCount] [int] NOT NULL,
	[UserName] [nvarchar](256) NOT NULL,
 CONSTRAINT [PK_dbo.AspNetUsers] PRIMARY KEY CLUSTERED 
(
	[Id] ASC
)WITH (PAD_INDEX = OFF, STATISTICS_NORECOMPUTE = OFF, IGNORE_DUP_KEY = OFF, ALLOW_ROW_LOCKS = ON, ALLOW_PAGE_LOCKS = ON) ON [PRIMARY]
) ON [PRIMARY] TEXTIMAGE_ON [PRIMARY]

GO
/****** Object:  Table [dbo].[Baskets]    Script Date: 06.02.2017 14:31:29 ******/
SET ANSI_NULLS ON
GO
SET QUOTED_IDENTIFIER ON
GO
CREATE TABLE [dbo].[Baskets](
	[Id] [int] IDENTITY(1,1) NOT NULL,
	[ApplicationUserId] [int] NOT NULL,
 CONSTRAINT [PK_dbo.Baskets] PRIMARY KEY CLUSTERED 
(
	[Id] ASC
)WITH (PAD_INDEX = OFF, STATISTICS_NORECOMPUTE = OFF, IGNORE_DUP_KEY = OFF, ALLOW_ROW_LOCKS = ON, ALLOW_PAGE_LOCKS = ON) ON [PRIMARY]
) ON [PRIMARY]

GO
/****** Object:  Table [dbo].[Brands]    Script Date: 06.02.2017 14:31:29 ******/
SET ANSI_NULLS ON
GO
SET QUOTED_IDENTIFIER ON
GO
CREATE TABLE [dbo].[Brands](
	[Id] [int] IDENTITY(1,1) NOT NULL,
	[Name] [nvarchar](max) NULL,
	[Description] [nvarchar](max) NULL,
 CONSTRAINT [PK_dbo.Brands] PRIMARY KEY CLUSTERED 
(
	[Id] ASC
)WITH (PAD_INDEX = OFF, STATISTICS_NORECOMPUTE = OFF, IGNORE_DUP_KEY = OFF, ALLOW_ROW_LOCKS = ON, ALLOW_PAGE_LOCKS = ON) ON [PRIMARY]
) ON [PRIMARY] TEXTIMAGE_ON [PRIMARY]

GO
/****** Object:  Table [dbo].[Categories]    Script Date: 06.02.2017 14:31:29 ******/
SET ANSI_NULLS ON
GO
SET QUOTED_IDENTIFIER ON
GO
CREATE TABLE [dbo].[Categories](
	[Id] [int] IDENTITY(1,1) NOT NULL,
	[Name] [nvarchar](max) NULL,
 CONSTRAINT [PK_dbo.Categories] PRIMARY KEY CLUSTERED 
(
	[Id] ASC
)WITH (PAD_INDEX = OFF, STATISTICS_NORECOMPUTE = OFF, IGNORE_DUP_KEY = OFF, ALLOW_ROW_LOCKS = ON, ALLOW_PAGE_LOCKS = ON) ON [PRIMARY]
) ON [PRIMARY] TEXTIMAGE_ON [PRIMARY]

GO
/****** Object:  Table [dbo].[Images]    Script Date: 06.02.2017 14:31:29 ******/
SET ANSI_NULLS ON
GO
SET QUOTED_IDENTIFIER ON
GO
CREATE TABLE [dbo].[Images](
	[Id] [int] IDENTITY(1,1) NOT NULL,
	[RelatedUrl] [nvarchar](512) NOT NULL,
	[ProductId] [int] NOT NULL,
 CONSTRAINT [PK_dbo.Images] PRIMARY KEY CLUSTERED 
(
	[Id] ASC
)WITH (PAD_INDEX = OFF, STATISTICS_NORECOMPUTE = OFF, IGNORE_DUP_KEY = OFF, ALLOW_ROW_LOCKS = ON, ALLOW_PAGE_LOCKS = ON) ON [PRIMARY]
) ON [PRIMARY]

GO
/****** Object:  Table [dbo].[Orders]    Script Date: 06.02.2017 14:31:29 ******/
SET ANSI_NULLS ON
GO
SET QUOTED_IDENTIFIER ON
GO
CREATE TABLE [dbo].[Orders](
	[Id] [int] IDENTITY(1,1) NOT NULL,
	[DeliveryAddress] [nvarchar](max) NULL,
	[DeliveryType] [int] NOT NULL,
	[OrderSum] [float] NOT NULL,
	[ApplicationUser_Id] [nvarchar](128) NULL,
 CONSTRAINT [PK_dbo.Orders] PRIMARY KEY CLUSTERED 
(
	[Id] ASC
)WITH (PAD_INDEX = OFF, STATISTICS_NORECOMPUTE = OFF, IGNORE_DUP_KEY = OFF, ALLOW_ROW_LOCKS = ON, ALLOW_PAGE_LOCKS = ON) ON [PRIMARY]
) ON [PRIMARY] TEXTIMAGE_ON [PRIMARY]

GO
/****** Object:  Table [dbo].[Products]    Script Date: 06.02.2017 14:31:29 ******/
SET ANSI_NULLS ON
GO
SET QUOTED_IDENTIFIER ON
GO
CREATE TABLE [dbo].[Products](
	[Id] [int] IDENTITY(1,1) NOT NULL,
	[Name] [nvarchar](max) NULL,
	[Price] [float] NOT NULL,
	[Description] [nvarchar](max) NULL,
	[BrandId] [int] NOT NULL,
	[SubcategoryId] [int] NOT NULL,
	[Basket_Id] [int] NULL,
 CONSTRAINT [PK_dbo.Products] PRIMARY KEY CLUSTERED 
(
	[Id] ASC
)WITH (PAD_INDEX = OFF, STATISTICS_NORECOMPUTE = OFF, IGNORE_DUP_KEY = OFF, ALLOW_ROW_LOCKS = ON, ALLOW_PAGE_LOCKS = ON) ON [PRIMARY]
) ON [PRIMARY] TEXTIMAGE_ON [PRIMARY]

GO
/****** Object:  Table [dbo].[Stocks]    Script Date: 06.02.2017 14:31:30 ******/
SET ANSI_NULLS ON
GO
SET QUOTED_IDENTIFIER ON
GO
CREATE TABLE [dbo].[Stocks](
	[Id] [int] IDENTITY(1,1) NOT NULL,
	[ProductId] [int] NOT NULL,
	[NumberOfProducts] [int] NOT NULL,
	[WarehouseId] [int] NOT NULL,
	[Order_Id] [int] NULL,
 CONSTRAINT [PK_dbo.Stocks] PRIMARY KEY CLUSTERED 
(
	[Id] ASC
)WITH (PAD_INDEX = OFF, STATISTICS_NORECOMPUTE = OFF, IGNORE_DUP_KEY = OFF, ALLOW_ROW_LOCKS = ON, ALLOW_PAGE_LOCKS = ON) ON [PRIMARY]
) ON [PRIMARY]

GO
/****** Object:  Table [dbo].[Subcategories]    Script Date: 06.02.2017 14:31:30 ******/
SET ANSI_NULLS ON
GO
SET QUOTED_IDENTIFIER ON
GO
CREATE TABLE [dbo].[Subcategories](
	[Id] [int] IDENTITY(1,1) NOT NULL,
	[Name] [nvarchar](max) NULL,
	[CategoryId] [int] NOT NULL,
 CONSTRAINT [PK_dbo.Subcategories] PRIMARY KEY CLUSTERED 
(
	[Id] ASC
)WITH (PAD_INDEX = OFF, STATISTICS_NORECOMPUTE = OFF, IGNORE_DUP_KEY = OFF, ALLOW_ROW_LOCKS = ON, ALLOW_PAGE_LOCKS = ON) ON [PRIMARY]
) ON [PRIMARY] TEXTIMAGE_ON [PRIMARY]

GO
/****** Object:  Table [dbo].[Warehouses]    Script Date: 06.02.2017 14:31:30 ******/
SET ANSI_NULLS ON
GO
SET QUOTED_IDENTIFIER ON
GO
CREATE TABLE [dbo].[Warehouses](
	[Id] [int] IDENTITY(1,1) NOT NULL,
	[Address] [nvarchar](max) NULL,
 CONSTRAINT [PK_dbo.Warehouses] PRIMARY KEY CLUSTERED 
(
	[Id] ASC
)WITH (PAD_INDEX = OFF, STATISTICS_NORECOMPUTE = OFF, IGNORE_DUP_KEY = OFF, ALLOW_ROW_LOCKS = ON, ALLOW_PAGE_LOCKS = ON) ON [PRIMARY]
) ON [PRIMARY] TEXTIMAGE_ON [PRIMARY]

GO
INSERT [dbo].[__MigrationHistory] ([MigrationId], [ContextKey], [Model], [ProductVersion]) VALUES (N'201701101452329_InitialCreate', N'Data.Context.ApplicationContext', 0x1F8B0800000000000400ED1D6B6FDCB8F17B81FE87C57EBA2B725E3F9AE01AD877F06DE2ABD13836B2C9B5DF0C79453B42F4D893B4391B457F593FF427F52F94942889AFE143CFDDAB1120F08AE47038331C923343CE7FFFFD9FD31F1FA370F615A55990C467F3A383C3F90CC5EBC40FE287B3F936BFFFEEFBF98F3FFCF10FA76FFDE871F64B55EF84D4C32DE3EC6CFE39CF37AF178B6CFD19455E761005EB34C992FBFC609D440BCF4F16C787877F591C1D2D100631C7B066B3D30FDB380F2254FCC03F9749BC469B7CEB8557898FC28C7EC725AB02EAECBD17A16CE3ADD1D9FC8D977B07B8418E1EF3F9EC3C0C3C8CC30A85F7F39917C749EEE518C3D79F32B4CAD3247E586DF0072FFCF8B441B8DEBD17668862FEBAA96E3B88C363328845D3B002B5DE66791239023C3AA1545988CD5BD1765E530DD3ED2DA66FFE44465DD0EE6C7EE9A3E2D38724C404103B7CBD0C5352F96C7E5577719E6DDEA3FCA06A785082BC4831B8DF92F4CB010BF1C5CCBADD8B5A8A8E0F0EC9BF17B3E536CCB7293A8BD1364FBDF0C5EC667B1706EBBFA1A78FC917149F9D1CDDDD9F7CFFF295E79FBCFA333A79C98E148F15D7E33EE04F3769B24129C60DDDD7E39FCF167CBB85D8B06EC6B429A98265094F88F9ECCA7B7C87E287FC339E2AC7DFCF6717C123F2AB2F54B83EC5019E3FB8519E6EF1CFF7DB30F4EE4254972FB47D92FF35BD1EBF7CD54BAFEFBDAFC143C17AA17F3C71D26C3EFB80C2A234FB1C6CCAE9C5F1FB9656BB489388FCE6E5AB2CBD5D25DB744D069380553E7AE903CA79EC4E178DF05A893401D5BF585750775FB409A6B2782BAB9201B59909551763CF860ADF61FBB596B8F3CD0633AF102D93C02D71E717419AE507E5927620B4C5A251D568C4E6C8566C623C9CF9EC272F439432E2049D6BC9FA0665EB34D8944B0D485BFCA7156DBB929208575B5292B63D90F277BCA09CFB7E8AB2AC673ECBFD6061FC82F2668497717E72EC8CEDDBC80BC21ED63F8B5EF01EF23E48235463FC5382278E173BE37CE3651956FFFE5FBDECF3E0645EA1F536C55369957BD166F0DE6E3E27317ABF8DEEC80C1DAFAFDE58F3F1B7E4C25BE749FA3626AD3AC37B97ACBF24DBFC6DECE36308FA94AF2B80E4E7C720B207D00B3AE7EB359EDA17589891BF4CF099AADBE423CA74EAFD67A946941B5041EDDF56559B4DA8BA86B41105AAA936A33A5497A11744EABDB2D843551546B5AC614495567345F55DF210C476A856556154CB1A465469355754AF531F3A81883D54556154CB1A46546935575409303B4C694D18D1A28211CFB256A7435335691CB65B65937DDC65416A9019F60A2F0EE86714A3146B70FFC6CB7394C6CDD9D2A881790E396F7F40D9C23FFDED3A578B1755584D9D46B0842249A4C4F24EC244A13849136DF32C4EAABE0CAB6F4F1BAD3458D7BDBC493065DD4F15C39D2015278BD48BFDAE078BD5F60E4F53F490A44FFD4DD20233F50C2525EA09CA95D4F3AF9E9F7C71357D6D31BA8CBC07604DA2306FAB2A0D4A7C89A4328462D755124F89F517354A45D16DAD451A8CB80289467CA92B8918495023D5942B19A82A9751545552616ABF7097B2E6B26E9316CF7A76323D3BA88E6CB971B0554BD2B641ADB5DAD9ED891E7192E4A2C5B324ABFA2A988CFC4FA9CE6AF6F2E87808D3221507B7F5D45A4C0A2DEF2426458B6731E98D550ABD5998E7AEEF1B0DD205DADFBD147D4EB619EAFDD8D465B721AA3EF55EC416A17A8C4A94EAD2DB6A97D4602596497B0CA942A7FD0583A8C394AB5B3D4F3B555F83395FDAECB69D844D9C05A034B6D3EDEC1EDC45C337ED9E054ED5D7281BDB65EF07E9A5EE405615DE36DC0FF803ACBA86A430816AAE0748ED0EBBD5E9515A727447CC56136ED966B62D9FA7DAE853CDC26C1100069ED6F344143FC374EA1CAC5538B1FA8FD62AC0EE7EB8D6AECBF554B15E05FB48A7C3AF5FA4A75FBC70DB7757AD6643E127ED7F361460777F361468E2CF5F039FC49858C43056953178ABFAEAF048F39C13301B7B3A70C31CBBF3717480F57429FCF34E5B97A2C5F3BE45D5D71B14065F51FA34566060D51FA7DAC97E852F7094D082C1AB6DE4EAC7D41F9C95FBAAA2AB5B5ADE6CA698CFD20E8A2D73DB366D2346EE790A5D6617A1F7D0DC62B1990E0460C651BA8FC0E34F311E5EF884E585155A9ED05788980AEBA8C5FBF06794E78584152B2F5621126FB8261729422BCC840DDBE658DFE6C60BFC6AAC759B1399F42591D98FE75996AC83828C8A0B33F4BA03DFF3DBD89F99EF3E00E1D9B32B4CE880C48EE02F8416A25EB98EF140508E66E7EBF242D1D2CBD69E2F0B341E8EEF80587D2696116BEE51F0C8FD49EA132B3B9492461E89A2CDB0A404712E6BC6205E071B2F3452496869A955C9D8EB3EC49237688362D2A19112369DABAF4D1004EA7E04A6982874BA60244E2F8882CF0EE235E4C06BF84C3DC8A3481E14E5D06053DBE10711363535461034F5C06D3AAEC35C269132213A04E22B142A62E4EB407206C4A6B0DAADF4360F22656A6A8C2065EA61DB74CC3802279133DE0907B115F0C8355CA5BB3113572188F6FAA857B96D25644ACC479031250FF641C4243F172413B0D3AB110BC62D3A8A4283BDBECEC2DF4ADA209A8C2070D0D06DBAE6420926913AC0FA0EF1D9648A6FB8DDB86E461140932F8D1143D6893B8830EA89348248EA89618300EB2B9D66C1553924C15552EB9DB462FD4062A98FBA1DEB58A1A3CF184BB2860836DD0B41F0D31C6785BB2BE00912BAC8C21C68E95D269ED5870707B2690986DB5A861CC60CDC5C8450345D636C30956ED1DB6F880D97208D649E7E63AC1FC108D351CF27AB337F7D697E92B9085C53B51519F1CEAAB55C0EB446182ECB02264F1A8D30C87AA1A7D80422CA93C40601F075992904945E4EB61500F1A6F2AE09A870451A10501A20308A80F2149B40407992ECBC80B2BE4188EB4A4761C36AEADC76DAC4A8FC8B8E06820EB390DEBBB79572F112BEF52C3410C1708BDF44E2FEE851DEEEB74553B8EABF6B3A897F63607C37A1965C1328248E1E3BA68FCA2002F218266E517BC19911D4EF644AB102184B1A2E90D1300E514008E815CAF9B72E9AB005A5575B9AAB3C10518474001B313300A54F114A80A4E9648053EEC55590AA0390014013EE2D41A84F94261C880F508942E9BB35D1975EED96895A3AC10CCDAB6B215273BA9E189AD736581508C68E6EC2828F5E9691616D4F06584B1DA0A52D14E9B460925B7AA470005BBDBAA3054B378206B0D5AB381228BA0A0ACD19D522A3C6BEF5C954845F0415759E55904C3D825ACD48BAD32AA68581A3D034E29AC80FDC8228E2E5699920BA500DDE08A50ED660065069020D2580180B0648836BE7C10BF1018AC1EB220838BC8118020BBC756054424071ED3C78E1E6A83C768D579BB7622BFDDA0CCA950AD68C5BEDC91E86EBF2954179EC7A772B873AE87065B06757110D15403FA991982DC800DDAC918961E305B471B72908C3AE651AC218FC772C79F8C1749F25CAAB6F8AC962F448D9FBA46C8763EF4B1A6622492F7629160F9D63C4CA35C22E1FD56656B77E009E90612800BDDE2813C2C65BE2E22F61C643B7321AA218DC226612F7409A6A8F69268DCA60EF62B2EF441AC1BC0EECBEAAC1F44EA56ACB6CA692CA6AEC6237EE4425C1C60B50A91A4C672A71971564D280F64AA3C59241BC3A6168A8A032500EB132434F829A854265C474316376120AC15469A46D0F94A1A720336114D64C077B6627B2F0B6C79E8E73D55D9BDA4C56979D2ECAF432F4C3E902C843737AE515D75098BC34F4CB6C5526A5597EB772CFD9129530166B8EDAA251AFEE294F527C9C114A99BB3E2431CE9D470C2C4B3F92AA298C828019A1EA90B5FBC92CAC6C0B556DF237B51D64E4EFEBFB6FD84C3D9CADE05B851D95C2B9C0638C8831B6B8E4A69080C22428359F914C415EE8A58A7B75CB24DC46316C1B865B9737FCD9F6E51719C2E942C05FB2FD4A1473212947493109C57ED0927B0C8F05C31528E1E181FB41E17EA137BAA4341C1CBC80C08B82D8C3A39E9A577A4A4FCD2889B0BC317F54AA56E58D02B2524FF2C2D09957B5E3A13DBF601010CF2AA7114B73C8910443A9EEA9B150A0BB6B93B10C3214BBABBFC2ADE3CE2523846134607DDF9A05517FB487D3C48CB180E0483218124DB6C282A19F1C6130F93A24604C993D543EA50A0B932FB18728E44D61410A450E58B2D9513824D98256F0008AAA6BD8F720E74361A1CBA5F69015995158D08AE216B015388B650EF3514E9EC2CD4CB9D81EF6A73A938AA8D087DA41B654C69511ABB53A561BE72CB430D47020E52BE769E0982D17EF0C8B3406614B1E017E290B26812DA73E70812AB4CC6DC0E9CCF2D3284715F5825D5DECE6D66BE8B6370C47B8BDC12D61FA8B1DD3A997D28BDD5EBB14612F2D948BBADDAE4A6D5B899BEAD00579F86D4F5A4534528BE395BADD305C651F56E7CE53CC7717BD54DF89E6751378557A32EE825E7C4BEE2A9D0B16DC05DA0DC3DD36FC00E7BFF4283AA70BA4527BC8DCAD6616A8F6BAF36492C3846EB4969E264ED05D82346D77E3483FD58C36C4A2D84E6C26F0B2C5F4D6B5DED5857909ECB774B7BA2763F3B2071E2FDB33186E3A357777C0360D066AB4304E97D1C5DDACD3008C6138D58F719B791F989B8ACD674758F405600918FDBE93720486B2B490A3329CBC9B1C0130604B1EF7A62E6FC8D33E040CC3BC611FCA153673F043C1303C37699D4826C0E8154B3928EF02B8F31E68378CDE905EAAE58FC642A13B5C5999F025F6109BD7685968CDD7F1E5860F8751197D996054AD6D97A967691E24113E4AA795C59B29566244A1A96FD9319DBBE305DEF36B2DDE5A841A0FFC65465E2EAEDFF6B51AAD18F4E42C085CB0A04E535475ACCEEC0A322B020A5B92B884D403E715118A3BC57568A09D990E854CDAF9DBEBEA562B8382EEFAB0CA962C1081F6201FFA90CD9D1215F3E8CD422345498A55EA058B7EA97FD751923442910B9D2C084302210B8264345A520C592CABCC67D58E0D2B96A72C47D1412189AB5FC3651820E281AD2A5C7971708FB2BC7C947C7E7C48125C9E8781979541AD3418F3B578EDD92A3AF3E8844467223F5A88CDDD633C09942CF3B94402703A103966688C9403F1572F5D7FF65239C1836B7648AFC988D40095AE9E5FC63E7A3C9BFFB368F5BA0805267F159F5F6039FF1407BF6E71C1C7748B66FFE2B03A7EF9AA8F54E51572DF44DEE3B72C40AB7C067C285C271AB64A18D3564AC08709E4AAEAA031B350555DB8CAC0E53F6ECBA62F66859E7D3D3B1438DF461EAB51B4C0A66CDA011B6BCE6AA3D1F66AFA0B09453A4DB2269CAD0416C4AA472C64BE55ED78CE390E8406C169C823E8219B1189C17025F4BB2077CF0CC485C0F5406C2100AE07885C005CBFF07A21A11CE9D61E9622B4AD04E6E39F791021D7C18A216DED5153C4B031D3A9454EA8762B7CD5B29F15DE5AB32A5FD91C41A116C43526697265A51CA166CB4A6B8229CD397B4B3195ACB6533E65005909E93E4C3CF7B9D3F71EB48E1E735C1DCB669D164721D4CC0D01AE71273418A3589B1DC22DDC7D87B48E8AB0B3E7E9D34DF6ED4F487270D8DED29E8D31D3EC425F1E59E4DC86039FDCE64DDDD061DADAE783573CA0B9AFCC1B95C28A792BC59BB5DFF27161666E83619A761A4E630677EBBF6A37809607C2CCF65660DB9FDBEDE73714FCB5B744EB6D795CB6DE4C2DDBECA4AC59A60EE7FA7FE35787FCF6BF0FBAED964557CA11DF6DEA4979E087960C45B8D4EF324D7A6F36E51B390B7A6FB0A7146DC7D4E7BF0F5D02641EEF78BA94B38BB7D9EA8AF9C4DBD979549EF816E22583B115357B3DD55BC6EB5D4972DD3C18AEC067E047EB0DEFBCD8CCCE99CB23F5166F95D83A7567E324CA70C9623D59D6EACA003E729EEA31240608D55476B54F99A827CC3D4D1FD567B5CDF0B9A647D12EC0FD5CE526730FB2494F2F2A4C88ED08397C471415E8B2EFEE898A7B56E849F3408F2B31BA5BB713CACCDE66759E328133971F85959FD1D2358F2244DACBC872777B9B8779E2BCCBE36F895D393BE2C678FFF22777CF973CC199087A526CDA4391EECED904A9500D39A4ADD93F4E5AC16E59AB775C8CCC4F9242E2B433D2E496F97907D2562AD2AD0166BF11F33B8F6DFA835E8270B8FBB1FB599C774CD868123E40D846CCD53CB6B041CF45EC98B0596764EE9C8479DC233AF462C384C773DD5DEC09D48A5B5AEA1E13515B8AD3FEAA017BD9B3BB883D8170289203ECCD9233955773E205C7DAB139E27A235C92AF8C4B520E1E91ADF4990485A7DD9853BBBC1C7F36F7EF122C04A59BFF3CDBBC47B93A1312D459232C60874D15B853380593D8B13471A47EA51AFA6ECD5D56475CA9A7AA40D50194C84F045E5B3D24E875890A7C13886D42BEF474CBB897DF95A82BB304ABF382C369C1559081DCB92264BAE3912057EFC5282003B9DF44C88CC34582CE94A97A8053C86A928D3F99528D2BC7A24DA12A76B6847B5A6ABB8153BF9A7395DBA52AD74F3C2087A3AE6F7A10D2F64DEBE8FB0632238A7DD31D97D41FFDAEEA0348B53745427465B2BBB2405AD4747B040594A650DC7D4C9E005D4E78AE1DAEA07FB917C8BA0F4E083BE921C1B90DA23C3F5935CDBC78DE7D70BD25306F3B346E9D609E0EEB3EB4A15294AB93924F34C8111290AB728DAB22C70127253B68F67B77D11D3CABB82DF2232AA301D2852B72574F3840C09BD54736F076C3050E2BCA8471FD0F7FB88CDF2E0331395880DD052DED9D28C325F8EE8528DC0E177818B93B51FACBE72DA7999E6831835E94EC3F67776B3E5B126C87D372F722E27D1E2A1CD270CB0F499E2E3E6C63F29652F9EB0DCA82870604792533466BCE5657D7B98CEF93CA6428605455112EF15CA1DCF3BDDC3B4FF3E0DE5BE7B8983CA314C40FF32A51EEDBE80EF997F1F536DF6C733C6414DD85DC7E81981E75FD17B9C6799C4FAF8B3732B23E8680D10CC8F353D7F14FDB20F46BBC2F1437D10010C4A649EF7E115EE6E40ED8C3530DE97D125B02A2E4AB4DB11F51B421CF5B64D7F1CAFB8ADAE086C5EF1D7AF0D64FCDBD43088899113CD94FDF04DE43EA451985D1B4C73FB10CFBD1E30FFF03333E391338E50000, N'6.1.3-40302')
INSERT [dbo].[__MigrationHistory] ([MigrationId], [ContextKey], [Model], [ProductVersion]) VALUES (N'201701131754183_ApplicationUserChanges', N'Data.Context.ApplicationContext', 0x1F8B0800000000000400ED1D6B6FDCB8F17B81FE87C57EBA2B725E3F9AE01AD877F06DE2ABD13836B2C9B5DF0C79453B42F4D893B4391B457F593FF427F52F94942889AFE143CFDDAB1120F08AE47038331C923343CE7FFFFD9FD31F1FA370F615A55990C467F3A383C3F90CC5EBC40FE287B3F936BFFFEEFBF98F3FFCF10FA76FFDE871F64B55EF84D4C32DE3EC6CFE39CF37AF178B6CFD19455E761005EB34C992FBFC609D440BCF4F16C787877F591C1D2D100631C7B066B3D30FDB380F2254FCC03F9749BC469B7CEB8557898FC28C7EC725AB02EAECBD17A16CE3ADD1D9FC8D977B07B8418E1EF3F9EC3C0C3C8CC30A85F7F39917C749EEE518C3D79F32B4CAD3247E586DF0072FFCF8B441B8DEBD17668862FEBAA96E3B88C363328845D3B002B5DE66791239023C3AA1545988CD5BD1765E530DD3ED2DA66FFE44465DD0EE6C7EE9A3E2D38724C404103B7CBD0C5352F96C7E5577719E6DDEA3FCA06A785082BC4831B8DF92F4CB010BF1C5CCBADD8B5A8A8E0F0EC9BF17B3E536CCB7293A8BD1364FBDF0C5EC667B1706EBBFA1A78FC917149F9D1CDDDD9F7CFFF295E79FBCFA333A79C98E148F15D7E33EE04F3769B24129C60DDDD7E39FCF167CBB85D8B06EC6B429A98265094F88F9ECCA7B7C87E287FC339E2AC7DFCF6717C123F2AB2F54B83EC5019E3FB8519E6EF1CFF7DB30F4EE4254972FB47D92FF35BD1EBF7CD54BAFEFBDAFC143C17AA17F3C71D26C3EFB80C2A234FB1C6CCAE9C5F1FB9656BB489388FCE6E5AB2CBD5D25DB744D069380553E7AE903CA79EC4E178DF05A893401D5BF585750775FB409A6B2782BAB9201B59909551763CF860ADF61FBB596B8F3CD0633AF102D93C02D71E717419AE507E5927620B4C5A251D568C4E6C8566C623C9CF9EC272F439432E2049D6BC9FA0665EB34D8944B0D485BFCA7156DBB929208575B5292B63D90F277BCA09CFB7E8AB2AC673ECBFD6061FC82F2668497717E72EC8CEDDBC80BC21ED63F8B5EF01EF23E48235463FC5382278E173BE37CE3651956FFFE5FBDECF3E0645EA1F536C55369957BD166F0DE6E3E27317ABF8DEEC80C1DAFAFDE58F3F1B7E4C25BE749FA3626AD3AC37B97ACBF24DBFC6DECE36308FA94AF2B80E4E7C720B207D00B3AE7EB359EDA17589891BF4CF099AADBE423CA74EAFD67A946941B5041EDDF56559B4DA8BA86B41105AAA936A33A5497A11744EABDB2D843551546B5AC614495567345F55DF210C476A856556154CB1A465469355754AF531F3A81883D54556154CB1A46546935575409303B4C694D18D1A28211CFB256A7435335691CB65B65937DDC65416A9019F60A2F0EE86714A3146B70FFC6CB7394C6CDD9D2A881790E396F7F40D9C23FFDED3A578B1755584D9D46B0842249A4C4F24EC244A13849136DF32C4EAABE0CAB6F4F1BAD3458D7BDBC493065DD4F15C39D2015278BD48BFDAE078BD5F60E4F53F490A44FFD4DD20233F50C2525EA09CA95D4F3AF9E9F7C71357D6D31BA8CBC07604DA2306FAB2A0D4A7C89A4328462D755124F89F517354A45D16DAD451A8CB80289467CA92B8918495023D5942B19A82A9751545552616ABF7097B2E6B26E9316CF7A76323D3BA88E6CB971B0554BD2B641ADB5DAD9ED891E7192E4A2C5B324ABFA2A988CFC4FA9CE6AF6F2E87808D3221507B7F5D45A4C0A2DEF2426458B6731E98D550ABD5998E7AEEF1B0DD205DADFBD147D4EB619EAFDD8D465B721AA3EF55EC416A17A8C4A94EAD2DB6A97D4602596497B0CA942A7FD0583A8C394AB5B3D4F3B555F83395FDAECB69D844D9C05A034B6D3EDEC1EDC45C337ED9E054ED5D7281BDB65EF07E9A5EE405615DE36DC0FF803ACBA86A430816AAE0748ED0EBBD5E9515A727447CC56136ED966B62D9FA7DAE853CDC26C1100069ED6F344143FC374EA1CAC5538B1FA8FD62AC0EE7EB8D6AECBF554B15E05FB48A7C3AF5FA4A75FBC70DB7757AD6643E127ED7F361460777F361468E2CF5F039FC49858C43056953178ABFAEAF048F39C13301B7B3A70C31CBBF3717480F57429FCF34E5B97A2C5F3BE45D5D71B14065F51FA34566060D51FA7DAC97E852F7094D082C1AB6DE4EAC7D41F9C95FBAAA2AB5B5ADE6CA698CFD20E8A2D73DB366D2346EE790A5D6617A1F7D0DC62B1990E0460C651BA8FC0E34F311E5EF884E585155A9ED05788980AEBA8C5FBF06794E78584152B2F5621126FB8261729422BCC840DDBE658DFE6C60BFC6AAC759B1399F42591D98FE75996AC83828C8A0B33F4BA03DFF3DBD89F99EF3E00E1D9B32B4CE880C48EE02F8416A25EB98EF140508E66E7EBF242D1D2CBD69E2F0B341E8EEF80587D2696116BEE51F0C8FD49EA132B3B9492461E89A2CDB0A404712E6BC6205E071B2F3452496869A955C9D8EB3EC49237688362D2A19112369DABAF4D1004EA7E04A6982874BA60244E2F8882CF0EE235E4C06BF84C3DC8A3481E14E5D06053DBE10711363535461034F5C06D3AAEC35C269132213A04E22B142A62E4EB407206C4A6B0DAADF4360F22656A6A8C2065EA61DB74CC3802279133DE0907B115F0C8355CA5BB3113572188F6FAA857B96D25644ACC479031250FF641C4243F172413B0D3AB110BC62D3A8A4283BDBECEC2DF4ADA209A8C2070D0D06DBAE6420926913AC0FA0EF1D9648A6FB8DDB86E461140932F8D1143D6893B8830EA89348248EA89618300EB2B9D66C1553924C15552EB9DB462FD4062A98FBA1DEB58A1A3CF184BB2860836DD0B41F0D31C6785BB2BE00912BAC8C21C68E95D269ED5870707B2690986DB5A861CC60CDC5C8450345D636C30956ED1DB6F880D97208D649E7E63AC1FC108D351CF27AB337F7D697E92B9085C53B51519F1CEAAB55C0EB446182ECB02264F1A8D30C87AA1A7D80422CA93C40601F075992904945E4EB61500F1A6F2AE09A870451A10501A20308A80F2149B40407992ECBC80B2BE4188EB4A4761C36AEADC76DAC4A8FC8B8E06820EB390DEBBB79572F112BEF52C3410C1708BDF44E2FEE851DEEEB74553B8EABF6B3A897F63607C37A1965C1328248E1E3BA68FCA2002F218266E517BC19911D4EF644AB102184B1A2E90D1300E514008E815CAF9B72E9AB005A5575B9AAB3C10518474001B313300A54F114A80A4E9648053EEC55590AA0390014013EE2D41A84F94261C880F508942E9BB35D1975EED96895A3AC10CCDAB6B215273BA9E189AD736581508C68E6EC2828F5E9691616D4F06584B1DA0A52D14E9B460925B7AA470005BBDBAA3054B378206B0D5AB381228BA0A0ACD19D522A3C6BEF5C954845F0415759E55904C3D825ACD48BAD32AA68581A3D034E29AC80FDC8228E2E5699920BA500DDE08A50ED660065069020D2580180B0648836BE7C10BF1018AC1EB220838BC8118020BBC756054424071ED3C78E1E6A83C768D579BB7622BFDDA0CCA950AD68C5BEDC91E86EBF2954179EC7A772B873AE87065B06757110D15403FA991982DC800DDAC918961E305B471B72908C3AE651AC218FC772C79F8C1749F25CAAB6F8AC962F448D9FBA46C8763EF4B1A6622492F7629160F9D63C4CA35C22E1FD56656B77E009E90612800BDDE2813C2C65BE2E22F61C643B7321AA218DC226612F7409A6A8F69268DCA60EF62B2EF441AC1BC0EECBEAAC1F44EA56ACB6CA692CA6AEC6237EE4425C1C60B50A91A4C672A71971564D280F64AA3C59241BC3A6168A8A032500EB132434F829A854265C474316376120AC15469A46D0F94A1A720336114D64C077B6627B2F0B6C79E8E73D55D9BDA4C56979D2ECAF432F4C3E902C843737AE515D75098BC34F4CB6C5526A5597EB772CFD9129530166B8EDAA251AFEE294F527C9C114A99BB3E2431CE9D470C2C4B3F92AA298C828019A1EA90B5FBC92CAC6C0B556DF237B51D64E4EFEBFB6FD84C3D9CADE05B851D95C2B9C0638C8831B6B8E4A69080C22428359F914C415EE8A58A7B75CB24DC46316C1B865B9737FCD9F6E51719C2E942C05FB2FD4A1473212947493109C57ED0927B0C8F05C31528E1E181FB41E17EA137BAA4341C1CBC80C08B82D8C3A39E9A577A4A4FCD2889B0BC317F54AA56E58D02B2524FF2C2D09957B5E3A13DBF601010CF2AA7114B73C8910443A9EEA9B150A0BB6B93B10C3214BBABBFC2ADE3CE2523846134607DDF9A05517FB487D3C48CB180E0483218124DB6C282A19F1C6130F93A24604C993D543EA50A0B932FB18728E44D61410A450E58B2D9513824D98256F0008AAA6BD8F720E74361A1CBA5F69015995158D08AE216B015388B650EF3514E9EC2CD4CB9D81EF6A73A938AA8D087DA41B654C69511ABB53A561BE72CB430D47020E52BE769E0982D17EF0C8B3406614B1E017E290B26812DA73E70812AB4CC6DC0E9CCF2D3284715F5825D5DECE6D66BE8B6370C47B8BDC12D61FA8B1DD3A997D28BDD5EBB14612F2D948BBADDAE4A6D5B899BEAD00579F86D4F5A4534528BE395BADD305C651F56E7CE53CC7717BD54DF89E6751378557A32EE825E7C4BEE2A9D0B16DC05DA0DC3DD36FC00E7BFF4283AA70BA4527BC8DCAD6616A8F6BAF36492C3846EB4969E264ED05D82346D77E3483FD58C36C4A2D84E6C26F0B2C5F4D6B5DED5857909ECB774B7BA2763F3B2071E2FDB33186E3A357777C0360D066AB4304E97D1C5DDACD3008C6138D58F719B791F989B8ACD674758F405600918FDBE93720486B2B490A3329CBC9B1C0130604B1EF7A62E6FC8D33E040CC3BC611FCA153673F043C1303C37699D4826C0E8154B3928EF02B8F31E68378CDE905EAAE58FC642A13B5C5999F025F6109BD7685968CDD7F1E5860F8751197D996054AD6D97A967691E24113E4AA795C59B29566244A1A96FD9319DBBE305DEF36B2DDE5A841A0FFC65465E2EAEDFF6B51AAD18F4E42C085CB0A04E535475ACCEEC0A322B020A5B92B884D403E715118A3BC57568A09D990E854CDAF9DBEBEA562B8382EEFAB0CA962C1081F6201FFA90CD9D1215F3E8CD422345498A55EA058B7EA97FD751923442910B9D2C084302210B8264345A520C592CABCC67D58E0D2B96A72C47D1412189AB5FC3651820E281AD2A5C7971708FB2BC7C947C7E7C48125C9E8781979541AD3418F3B578EDD92A3AF3E8844467223F5A88CDDD633C09942CF3B94402703A103966688C9403F1572F5D7FF65239C1836B7648AFC988D40095AE9E5FC63E7A3C9BFFB368F5BA0805267F159F5F6039FF1407BF6E71C1C7748B66FFE2B03A7EF9AA8F54E51572DF44DEE3B72C40AB7C067C285C271AB64A18D3564AC08709E4AAEAA031B350555DB8CAC0E53F6ECBA62F66859E7D3D3B1438DF461EAB51B4C0A66CDA011B6BCE6AA3D1F66AFA0B09453A4DB2269CAD0416C4AA472C64BE55ED78CE390E8406C169C823E8219B1189C17025F4BB2077CF0CC485C0F5406C2100AE07885C005CBFF07A21A11CE9D61E9622B4AD04E6E39F791021D7C18A216DED5153C4B031D3A9454EA8762B7CD5B29F15DE5AB32A5FD91C41A116C43526697265A51CA166CB4A6B8229CD397B4B3195ACB6533E65005909E93E4C3CF7B9D3F71EB48E1E735C1DCB669D164721D4CC0D01AE71273418A3589B1DC22DDC7D87B48E8AB0B3E7E9D34DF6ED4F487270D8DED29E8D31D3EC425F1E59E4DC86039FDCE64DDDD061DADAE783573CA0B9AFCC1B95C28A792BC59BB5DFF27161666E83619A761A4E630677EBBF6A37809607C2CCF65660DB9FDBEDE73714FCB5B744EB6D795CB6DE4C2DDBECA4AC59A60EE7FA7FE35787FCF6BF0FBAED964557CA11DF6DEA4979E087960C45B8D4EF324D7A6F36E51B390B7A6FB0A7146DC7D4E7BF0F5D02641EEF78BA94B38BB7D9EA8AF9C4DBD979549EF816E22583B115357B3DD55BC6EB5D4972DD3C18AEC067E047EB0DEFBCD8CCCE99CB23F5166F95D83A7567E324CA70C9623D59D6EACA003E729EEA31240608D55476B54F99A827CC3D4D1FD567B5CDF0B9A647D12EC0FD5CE526730FB2494F2F2A4C88ED08397C471415E8B2EFEE898A7B56E849F3408F2B31BA5BB713CACCDE66759E328133971F85959FD1D2358F2244DACBC872777B9B8779E2BCCBE36F895D393BE2C678FFF22777CF973CC199087A526CDA4391EECED904A9500D39A4ADD93F4E5AC16E59AB775C8CCC4F9242E2B433D2E496F97907D2562AD2AD0166BF11F33B8F6DFA835E8270B8FBB1FB599C774CD868123E40D846CCD53CB6B041CF45EC98B0596764EE9C8479DC233AF462C384C773DD5DEC09D48A5B5AEA1E13515B8AD3FEAA017BD9B3BB883D8170289203ECCD9233955773E205C7DAB139E27A235C92AF8C4B520E1E91ADF4990485A7DD9853BBBC1C7F36F7EF122C04A59BFF3CDBBC47B93A1312D459232C60874D15B853380593D8B13471A47EA51AFA6ECD5D56475CA9A7AA40D50194C84F045E5B3D24E875890A7C13886D42BEF474CBB897DF95A82BB304ABF382C369C1559081DCB92264BAE3912057EFC5282003B9DF44C88CC34582CE94A97A8053C86A928D3F99528D2BC7A24DA12A76B6847B5A6ABB8153BF9A7395DBA52AD74F3C2087A3AE6F7A10D2F64DEBE8FB0632238A7DD31D97D41FFDAEEA0348B53745427465B2BBB2405AD4747B040594A650DC7D4C9E005D4E78AE1DAEA07FB917C8BA0F4E083BE921C1B90DA23C3F5935CDBC78DE7D70BD25306F3B346E9D609E0EEB3EB4A15294AB93924F34C8111290AB728DAB22C70127253B68F67B77D11D3CABB82DF2232AA301D2852B72574F3840C09BD54736F076C3050E2BCA8471FD0F7FB88CDF2E0331395880DD052DED9D28C325F8EE8528DC0E177818B93B51FACBE72DA7999E6831835E94EC3F67776B3E5B126C87D372F722E27D1E2A1CD270CB0F499E2E3E6C63F29652F9EB0DCA82870604792533466BCE5657D7B98CEF93CA6428605455112EF15CA1DCF3BDDC3B4FF3E0DE5BE7B8983CA314C40FF32A51EEDBE80EF997F1F536DF6C733C6414DD85DC7E81981E75FD17B9C6799C4FAF8B3732B23E8680D10CC8F353D7F14FDB20F46BBC2F1437D10010C4A649EF7E115EE6E40ED8C3530DE97D125B02A2E4AB4DB11F51B421CF5B64D7F1CAFB8ADAE086C5EF1D7AF0D64FCDBD43088899113CD94FDF04DE43EA451985D1B4C73FB10CFBD1E30FFF03333E391338E50000, N'6.1.3-40302')
SET IDENTITY_INSERT [dbo].[Brands] ON 

INSERT [dbo].[Brands] ([Id], [Name], [Description]) VALUES (1, N'Gibson', N'Guitars electric and acoustic, amps and other')
SET IDENTITY_INSERT [dbo].[Brands] OFF
SET IDENTITY_INSERT [dbo].[Categories] ON 

INSERT [dbo].[Categories] ([Id], [Name]) VALUES (1, N'Guitars')
INSERT [dbo].[Categories] ([Id], [Name]) VALUES (2, N'String')
INSERT [dbo].[Categories] ([Id], [Name]) VALUES (4, N'Drums')
INSERT [dbo].[Categories] ([Id], [Name]) VALUES (5, N'Keys')
SET IDENTITY_INSERT [dbo].[Categories] OFF
SET IDENTITY_INSERT [dbo].[Products] ON 

INSERT [dbo].[Products] ([Id], [Name], [Price], [Description], [BrandId], [SubcategoryId], [Basket_Id]) VALUES (1, N'Les Paul Studio 2017', 300, N'One of the most popular', 1, 2, NULL)
INSERT [dbo].[Products] ([Id], [Name], [Price], [Description], [BrandId], [SubcategoryId], [Basket_Id]) VALUES (2, N'Stradivary ', 301, N'best of the best', 1, 1, NULL)
INSERT [dbo].[Products] ([Id], [Name], [Price], [Description], [BrandId], [SubcategoryId], [Basket_Id]) VALUES (4, N'Maverick', 123, N'best of the best', 1, 3, NULL)
INSERT [dbo].[Products] ([Id], [Name], [Price], [Description], [BrandId], [SubcategoryId], [Basket_Id]) VALUES (5, N'Stage', 321, N'best of the best', 1, 4, NULL)
SET IDENTITY_INSERT [dbo].[Products] OFF
SET IDENTITY_INSERT [dbo].[Stocks] ON 

INSERT [dbo].[Stocks] ([Id], [ProductId], [NumberOfProducts], [WarehouseId], [Order_Id]) VALUES (1, 1, 300, 1, NULL)
INSERT [dbo].[Stocks] ([Id], [ProductId], [NumberOfProducts], [WarehouseId], [Order_Id]) VALUES (2, 2, 0, 1, NULL)
INSERT [dbo].[Stocks] ([Id], [ProductId], [NumberOfProducts], [WarehouseId], [Order_Id]) VALUES (3, 4, 0, 1, NULL)
INSERT [dbo].[Stocks] ([Id], [ProductId], [NumberOfProducts], [WarehouseId], [Order_Id]) VALUES (4, 5, 0, 1, NULL)
SET IDENTITY_INSERT [dbo].[Stocks] OFF
SET IDENTITY_INSERT [dbo].[Subcategories] ON 

INSERT [dbo].[Subcategories] ([Id], [Name], [CategoryId]) VALUES (1, N'Viola', 2)
INSERT [dbo].[Subcategories] ([Id], [Name], [CategoryId]) VALUES (2, N'Electric Guitars', 1)
INSERT [dbo].[Subcategories] ([Id], [Name], [CategoryId]) VALUES (3, N'Piano', 5)
INSERT [dbo].[Subcategories] ([Id], [Name], [CategoryId]) VALUES (4, N'Bongo', 4)
SET IDENTITY_INSERT [dbo].[Subcategories] OFF
SET IDENTITY_INSERT [dbo].[Warehouses] ON 

INSERT [dbo].[Warehouses] ([Id], [Address]) VALUES (1, N'Wall-Street')
SET IDENTITY_INSERT [dbo].[Warehouses] OFF
ALTER TABLE [dbo].[AspNetUserClaims]  WITH CHECK ADD  CONSTRAINT [FK_dbo.AspNetUserClaims_dbo.AspNetUsers_UserId] FOREIGN KEY([UserId])
REFERENCES [dbo].[AspNetUsers] ([Id])
ON DELETE CASCADE
GO
ALTER TABLE [dbo].[AspNetUserClaims] CHECK CONSTRAINT [FK_dbo.AspNetUserClaims_dbo.AspNetUsers_UserId]
GO
ALTER TABLE [dbo].[AspNetUserLogins]  WITH CHECK ADD  CONSTRAINT [FK_dbo.AspNetUserLogins_dbo.AspNetUsers_UserId] FOREIGN KEY([UserId])
REFERENCES [dbo].[AspNetUsers] ([Id])
ON DELETE CASCADE
GO
ALTER TABLE [dbo].[AspNetUserLogins] CHECK CONSTRAINT [FK_dbo.AspNetUserLogins_dbo.AspNetUsers_UserId]
GO
ALTER TABLE [dbo].[AspNetUserRoles]  WITH CHECK ADD  CONSTRAINT [FK_dbo.AspNetUserRoles_dbo.AspNetRoles_RoleId] FOREIGN KEY([RoleId])
REFERENCES [dbo].[AspNetRoles] ([Id])
ON DELETE CASCADE
GO
ALTER TABLE [dbo].[AspNetUserRoles] CHECK CONSTRAINT [FK_dbo.AspNetUserRoles_dbo.AspNetRoles_RoleId]
GO
ALTER TABLE [dbo].[AspNetUserRoles]  WITH CHECK ADD  CONSTRAINT [FK_dbo.AspNetUserRoles_dbo.AspNetUsers_UserId] FOREIGN KEY([UserId])
REFERENCES [dbo].[AspNetUsers] ([Id])
ON DELETE CASCADE
GO
ALTER TABLE [dbo].[AspNetUserRoles] CHECK CONSTRAINT [FK_dbo.AspNetUserRoles_dbo.AspNetUsers_UserId]
GO
ALTER TABLE [dbo].[AspNetUsers]  WITH CHECK ADD  CONSTRAINT [FK_dbo.AspNetUsers_dbo.Baskets_BasketId] FOREIGN KEY([BasketId])
REFERENCES [dbo].[Baskets] ([Id])
ON DELETE CASCADE
GO
ALTER TABLE [dbo].[AspNetUsers] CHECK CONSTRAINT [FK_dbo.AspNetUsers_dbo.Baskets_BasketId]
GO
ALTER TABLE [dbo].[Images]  WITH CHECK ADD  CONSTRAINT [FK_dbo.Images_dbo.Products_ProductId] FOREIGN KEY([ProductId])
REFERENCES [dbo].[Products] ([Id])
ON DELETE CASCADE
GO
ALTER TABLE [dbo].[Images] CHECK CONSTRAINT [FK_dbo.Images_dbo.Products_ProductId]
GO
ALTER TABLE [dbo].[Orders]  WITH CHECK ADD  CONSTRAINT [FK_dbo.Orders_dbo.AspNetUsers_ApplicationUser_Id] FOREIGN KEY([ApplicationUser_Id])
REFERENCES [dbo].[AspNetUsers] ([Id])
GO
ALTER TABLE [dbo].[Orders] CHECK CONSTRAINT [FK_dbo.Orders_dbo.AspNetUsers_ApplicationUser_Id]
GO
ALTER TABLE [dbo].[Products]  WITH CHECK ADD  CONSTRAINT [FK_dbo.Products_dbo.Baskets_Basket_Id] FOREIGN KEY([Basket_Id])
REFERENCES [dbo].[Baskets] ([Id])
GO
ALTER TABLE [dbo].[Products] CHECK CONSTRAINT [FK_dbo.Products_dbo.Baskets_Basket_Id]
GO
ALTER TABLE [dbo].[Products]  WITH CHECK ADD  CONSTRAINT [FK_dbo.Products_dbo.Brands_BrandId] FOREIGN KEY([BrandId])
REFERENCES [dbo].[Brands] ([Id])
ON DELETE CASCADE
GO
ALTER TABLE [dbo].[Products] CHECK CONSTRAINT [FK_dbo.Products_dbo.Brands_BrandId]
GO
ALTER TABLE [dbo].[Products]  WITH CHECK ADD  CONSTRAINT [FK_dbo.Products_dbo.Subcategories_SubcategoryId] FOREIGN KEY([SubcategoryId])
REFERENCES [dbo].[Subcategories] ([Id])
ON DELETE CASCADE
GO
ALTER TABLE [dbo].[Products] CHECK CONSTRAINT [FK_dbo.Products_dbo.Subcategories_SubcategoryId]
GO
ALTER TABLE [dbo].[Stocks]  WITH CHECK ADD  CONSTRAINT [FK_dbo.Stocks_dbo.Orders_Order_Id] FOREIGN KEY([Order_Id])
REFERENCES [dbo].[Orders] ([Id])
GO
ALTER TABLE [dbo].[Stocks] CHECK CONSTRAINT [FK_dbo.Stocks_dbo.Orders_Order_Id]
GO
ALTER TABLE [dbo].[Stocks]  WITH CHECK ADD  CONSTRAINT [FK_dbo.Stocks_dbo.Products_ProductId] FOREIGN KEY([ProductId])
REFERENCES [dbo].[Products] ([Id])
ON DELETE CASCADE
GO
ALTER TABLE [dbo].[Stocks] CHECK CONSTRAINT [FK_dbo.Stocks_dbo.Products_ProductId]
GO
ALTER TABLE [dbo].[Stocks]  WITH CHECK ADD  CONSTRAINT [FK_dbo.Stocks_dbo.Warehouses_WarehouseId] FOREIGN KEY([WarehouseId])
REFERENCES [dbo].[Warehouses] ([Id])
ON DELETE CASCADE
GO
ALTER TABLE [dbo].[Stocks] CHECK CONSTRAINT [FK_dbo.Stocks_dbo.Warehouses_WarehouseId]
GO
ALTER TABLE [dbo].[Subcategories]  WITH CHECK ADD  CONSTRAINT [FK_dbo.Subcategories_dbo.Categories_CategoryId] FOREIGN KEY([CategoryId])
REFERENCES [dbo].[Categories] ([Id])
ON DELETE CASCADE
GO
ALTER TABLE [dbo].[Subcategories] CHECK CONSTRAINT [FK_dbo.Subcategories_dbo.Categories_CategoryId]
GO
